"Ensembl_ID","baseMean","log2FoldChange","lfcSE","stat","pvalue","padj","mgi_symbol"
"ENSMUSG00000000094",2224.01504968471,-0.754092519855598,0.236658311754997,-3.18641891029917,0.00144045861242947,0.0143044986720692,"Tbx4"
"ENSMUSG00000000253",798.52815589557,0.908822359436482,0.192633697606087,4.71787839163486,2.38316869399197e-06,8.21917156721361e-05,"Gmpr"
"ENSMUSG00000000416",333.486956765866,-1.08274122175585,0.301711645177116,-3.58866235050437,0.00033237898410115,0.00466087170405577,"Cttnbp2"
"ENSMUSG00000001228",305.890997420778,1.17778013559366,0.31059776557015,3.79197877818491,0.000149451688035379,0.00245400221208828,"Uhrf1"
"ENSMUSG00000001672",535.001190555689,0.705734706377403,0.229155193552986,3.07972381264935,0.00207192631107853,0.0188738460941608,"Marveld3"
"ENSMUSG00000001946",6145.58628810998,-0.506166423270922,0.150740877667531,-3.35785774305563,0.000785490269148181,0.0090417420478945,"Esam"
"ENSMUSG00000002799",1242.32983377454,-0.591919191913768,0.181308720741231,-3.26470337165178,0.00109578766285748,0.0116774050279512,"Jag2"
"ENSMUSG00000002900",4048.04535649176,-0.510741116257303,0.167763461199421,-3.04441213006558,0.00233135523699326,0.0206288565175258,"Lamb1"
"ENSMUSG00000003477",40768.9541156002,-0.980091459285412,0.248008447596844,-3.95184707933264,7.75502931984991e-05,0.00142681358186528,"Inmt"
"ENSMUSG00000003812",1921.2800239946,0.637023758986009,0.152551701468621,4.17578927572328,2.96954620123196e-05,0.000650931814539987,"Dnase2a"
"ENSMUSG00000004837",2451.52863141468,-0.650114317299334,0.23518469034179,-2.76427141730413,0.00570500631197774,0.0406703662264494,"Grap"
"ENSMUSG00000005237",583.12423140898,-1.22350872200908,0.258502460937126,-4.73306411696662,2.2115559032083e-06,7.67173712831383e-05,"Dnah2"
"ENSMUSG00000007659",3963.08847671463,0.442951118725465,0.142658418301166,3.10497707741545,0.00190293771363322,0.017679050035763,"Bcl2l1"
"ENSMUSG00000008461",49.9786172065645,4.98198050991429,0.813556193151638,6.12370792804684,9.14224148958673e-10,8.08545268373599e-08,"Fut1"
"ENSMUSG00000008601",1289.07659043278,0.712575627425762,0.163865176950941,4.34854824365215,1.37041674753725e-05,0.000346287060746153,"Rab25"
"ENSMUSG00000009281",2921.08372146733,-0.746464237564174,0.261619673533532,-2.85324198857888,0.00432756536552742,0.0329127097723062,"Rarres2"
"ENSMUSG00000009376",3993.11713261241,0.422841668361081,0.132508031168719,3.19106445572863,0.00141749653154607,0.0141393498247183,"Met"
"ENSMUSG00000009418",2420.35964763152,-0.768599778818252,0.152439168658905,-5.0420097772775,4.60667744272037e-07,2.13815968434345e-05,"Nav1"
"ENSMUSG00000010080",3042.23375616642,0.886026589316016,0.1553904265679,5.70193807228435,1.18452864789684e-08,8.60227816856789e-07,"Epn3"
"ENSMUSG00000010760",66.7445243220629,1.76570378263387,0.473952560857308,3.72548632175335,0.000194939023759008,0.00305222231328192,"Phlda2"
"ENSMUSG00000011256",3432.03332732028,0.668315921226258,0.174744091713712,3.8245408738693,0.000131016009964371,0.00220188242522435,"Adam19"
"ENSMUSG00000015968",1399.74247651863,-0.945055453030192,0.212002098169706,-4.457764622092,8.28187679397503e-06,0.00022588660904483,"Cacna1d"
"ENSMUSG00000016028",2924.2191989959,0.506713776432159,0.143125530115167,3.54034515033362,0.00039960405729571,0.00537399037796864,"Celsr1"
"ENSMUSG00000017002",2442.71544040645,1.17756320827177,0.211028372674939,5.58011794028119,2.40355551434993e-08,1.5786587964655e-06,"Slpi"
"ENSMUSG00000017724",153.291142600183,4.23312463788168,0.458341659808475,9.23574051647532,2.56505525799066e-20,1.15542869065781e-17,"Etv4"
"ENSMUSG00000017754",9985.338535336,-1.17376561102515,0.20754242541674,-5.65554540797264,1.55352149832997e-08,1.05930005983454e-06,"Pltp"
"ENSMUSG00000018169",1397.18731508033,-0.698412782523255,0.238449244656725,-2.92897880020002,0.00340077616042211,0.0274288334564068,"Mfng"
"ENSMUSG00000018334",879.4904697688,-0.547760185549472,0.181429315827647,-3.01913824152779,0.00253494832481102,0.021909459033744,"Ksr1"
"ENSMUSG00000018500",611.655705896673,0.92740202895988,0.25110134789825,3.69333751778855,0.000221329948200031,0.00337953805520817,"Adora2b"
"ENSMUSG00000018581",718.641942232872,-1.2676555071402,0.317721702986418,-3.98982976367336,6.61207340934978e-05,0.00124999673500565,"Dnah11"
"ENSMUSG00000018761",1381.87626264567,0.563740250030666,0.157197297666395,3.58619555424572,0.00033553737894934,0.00469043448742564,"Mpdu1"
"ENSMUSG00000018800",2576.97911129711,-0.672690068932598,0.139030035308097,-4.83845139966975,1.30854683485532e-06,5.08199765319356e-05,"Abca5"
"ENSMUSG00000018909",9884.7956967984,-0.593578346969262,0.161741740417431,-3.66991442924581,0.000242631676632039,0.00361283793458093,"Arrb1"
"ENSMUSG00000018916",81.7186929639762,1.26958889669442,0.430738647381208,2.94746920067013,0.00320386666154094,0.0262599916363929,"Csf2"
"ENSMUSG00000019312",1549.68929151652,0.810065487625321,0.166942331269218,4.85236717054692,1.21996491363635e-06,4.80989945939372e-05,"Grb7"
"ENSMUSG00000019467",897.777122587087,-0.642225111963616,0.231189137064891,-2.77792079730525,0.00547079516316526,0.0394145711543194,"Arhgef25"
"ENSMUSG00000019787",202.048225359069,1.2552678806451,0.365018800489552,3.43891295177556,0.000584055003564942,0.00724980971923,"Trdn"
"ENSMUSG00000019820",15076.0620741846,-0.737534394446663,0.175875892637429,-4.193493396887,2.74691076398838e-05,0.000616502020083573,"Utrn"
"ENSMUSG00000019846",3042.35021604271,-0.754499111033887,0.191642204403799,-3.93701957969615,8.24998779342242e-05,0.00150302555803535,"Lama4"
"ENSMUSG00000019899",1772.21131103111,-0.808659232518884,0.205229374627071,-3.94027041201253,8.13898122639183e-05,0.00148673721482096,"Lama2"
"ENSMUSG00000020017",373.552078897178,1.75314303795755,0.271475856191467,6.45782303646586,1.0621984447246e-10,1.11624560088265e-08,"Hal"
"ENSMUSG00000020061",483.956082827833,6.13900383256146,1.85691958792671,3.30601490364792,0.000946330540572326,0.0104038123737382,"Mybpc1"
"ENSMUSG00000020072",159.064188766807,1.00784998477224,0.36917662177564,2.7299940606335,0.00633354666033575,0.0443373084196309,"Pbld2"
"ENSMUSG00000020092",2437.95520610016,-0.422536936403781,0.136313564125576,-3.09974241458853,0.00193689006839673,0.0179287777574651,"Pald1"
"ENSMUSG00000020108",874.242613439274,0.502819747853611,0.18644505634244,2.69687895038682,0.00699927085693234,0.0476895399920276,"Ddit4"
"ENSMUSG00000020154",30483.2887934512,-1.25513593347627,0.229310981849988,-5.47350991806124,4.41208177552296e-08,2.69937811368896e-06,"Ptprb"
"ENSMUSG00000020160",1317.47222672241,-1.00941112188678,0.263641678772702,-3.82872361678837,0.000128809562073329,0.00217708876673607,"Meis1"
"ENSMUSG00000020264",1115.53074563224,-0.8550502185165,0.197414352658187,-4.33124647222068,1.48267599469363e-05,0.000369944226888292,"Slc36a2"
"ENSMUSG00000020277",2838.99250106988,0.491088968527052,0.17371582536685,2.82696736172413,0.00469911170804292,0.0350227912658268,"Pfkl"
"ENSMUSG00000020330",118.292121674678,1.49071127934083,0.474133996837994,3.14407169551732,0.00166614613427491,0.0160202910058241,"Hmmr"
"ENSMUSG00000020387",2517.16884805608,-0.407716751720053,0.149282791862387,-2.73117046267393,0.0063109819946635,0.0442139973861425,"Jade2"
"ENSMUSG00000020399",558.368771551213,0.586466841956931,0.193803083328448,3.02609655060551,0.00247733183114242,0.0215365124882527,"Havcr2"
"ENSMUSG00000020422",13324.9448940441,-0.865528290339604,0.198870990052967,-4.35220989300189,1.34772142618431e-05,0.000342977824484084,"Tns3"
"ENSMUSG00000020431",212.641071186749,-1.07099326588002,0.364557674738627,-2.93778828452283,0.00330562679554409,0.0268106141418628,"Adcy1"
"ENSMUSG00000020473",4496.21837907679,-0.560137929005733,0.172170711727808,-3.25338684718502,0.00114038132534016,0.0120327645884266,"Aebp1"
"ENSMUSG00000020599",337.91372315509,-1.68761519482558,0.255392129414699,-6.60793736554531,3.89711491698082e-11,4.49743212681504e-09,"Rgs9"
"ENSMUSG00000020609",145.591585436483,2.00551109853125,0.366090294212439,5.47818702171729,4.29705825670876e-08,2.63803937306193e-06,"Apob"
"ENSMUSG00000020642",5325.00259739931,-0.711776684536701,0.205417541149058,-3.46502387554241,0.00053018440799251,0.00668436446632758,"Rnf144a"
"ENSMUSG00000020900",12259.5711880182,-0.845178696410827,0.233430009904392,-3.62069425759351,0.000293813554710178,0.00420591278437285,"Myh10"
"ENSMUSG00000020919",2819.78609580338,-0.429509627737309,0.135912705880601,-3.16018745233896,0.00157667664400189,0.0153622943419093,"Stat5b"
"ENSMUSG00000021109",3254.57934816765,0.447609117556812,0.161713851010589,2.76790834402616,0.00564173196436723,0.0403696133501889,"Hif1a"
"ENSMUSG00000021198",256.118304274072,-1.72357532750908,0.293310849611967,-5.87627539107154,4.19600067872869e-09,3.30227101874397e-07,"Unc79"
"ENSMUSG00000021281",3065.71267481408,0.793600932453258,0.196527766747715,4.03811097834339,5.38833614489016e-05,0.00106250138221261,"Tnfaip2"
"ENSMUSG00000021285",2683.53361552073,-0.46741504405201,0.141789218553557,-3.29654855863005,0.000978806926218221,0.0106819705173418,"Ppp1r13b"
"ENSMUSG00000021294",1175.61621171474,-1.05271169955827,0.229223967731665,-4.59250273859058,4.37961761445608e-06,0.000135132761109254,"Kif26a"
"ENSMUSG00000021301",35.2636400049015,4.00019593775276,0.854199979195904,4.68297358367805,2.82742963050192e-06,9.53057176394658e-05,"Hecw1"
"ENSMUSG00000021313",1024.35439981312,-0.883111828717516,0.179547532955994,-4.91854059021775,8.71918384098801e-07,3.67774737306171e-05,"Ryr2"
"ENSMUSG00000021466",3037.05588102754,-0.550513577987286,0.189794158248218,-2.9005823101642,0.00372470001100844,0.0294042269980848,"Ptch1"
"ENSMUSG00000021759",2435.39795404006,-0.948229796984598,0.232180049370353,-4.08402788937333,4.42617150901444e-05,0.000902788285971615,"Plpp1"
"ENSMUSG00000021943",498.036021660576,-1.00189991213329,0.286337242761045,-3.49902060406931,0.000466970494728655,0.00606722028241994,"Gdf10"
"ENSMUSG00000022043",3518.99837118786,-0.577224017004739,0.127717918668996,-4.51952257772629,6.19792381259398e-06,0.000178878689680116,"Trim35"
"ENSMUSG00000022197",11539.7126133266,-1.10746711583808,0.200897320965938,-5.51260270925092,3.53565733397082e-08,2.2201481976665e-06,"Pdzd2"
"ENSMUSG00000022218",405.203914300851,2.18370380479163,0.236531667011385,9.23218371722938,2.65169752683853e-20,1.15542869065781e-17,"Tgm1"
"ENSMUSG00000022376",924.285904540512,-1.20037718279515,0.26824692313422,-4.47489637073873,7.64483819758162e-06,0.000213398491249681,"Adcy8"
"ENSMUSG00000022377",2689.5255220865,-0.425729333636742,0.137048260670101,-3.1064190932094,0.00189368121029163,0.0176292938102449,"Asap1"
"ENSMUSG00000022416",105.07953314243,-1.11083481972269,0.398082328286168,-2.790465038991,0.00526323840790823,0.0382693342113474,"Cacna1i"
"ENSMUSG00000022687",1029.543822213,-0.714901707241024,0.21004869407762,-3.40350465105412,0.000665272807099217,0.00795593740476209,"Boc"
"ENSMUSG00000022763",143.990585195924,1.12137145587992,0.402493051574138,2.78606413575159,0.00533523145097064,0.0386982987704387,"Aifm3"
"ENSMUSG00000022899",1526.42450662522,0.972457484955267,0.221478295270039,4.39075749508361,1.12956462675396e-05,0.000292459015318254,"Slc15a2"
"ENSMUSG00000023905",966.623757117724,0.9184934357322,0.212890571344088,4.31439227173508,1.60042551893491e-05,0.000391665779394139,"Tnfrsf12a"
"ENSMUSG00000023915",2154.22116272416,0.413728688641724,0.14048721738101,2.94495610600405,0.0032300048231335,0.0263448569756342,"Tnfrsf21"
"ENSMUSG00000024059",2749.54242395807,0.737592005617582,0.131905014846897,5.59184202718682,2.24673191359449e-08,1.48658761616169e-06,"Clip4"
"ENSMUSG00000024421",6519.90894975621,-0.487323782545716,0.149662365118704,-3.25615449254191,0.00112932284219858,0.0119310186729023,"Lama3"
"ENSMUSG00000024480",742.522184128629,0.716978778061422,0.192100470544898,3.7323114098976,0.000189730737580954,0.00299722626878157,"Ap3s1"
"ENSMUSG00000024548",1311.95724508784,-0.424055910653025,0.156739009123316,-2.7054905669296,0.00682035853138649,0.0468097215379254,"Setbp1"
"ENSMUSG00000024713",881.31992257287,-0.942782321061457,0.207865512657646,-4.53553987387131,5.74563213534706e-06,0.000167996265299468,"Pcsk5"
"ENSMUSG00000024730",695.677951107075,1.097011603742,0.190457153747685,5.75988657897991,8.41704754883328e-09,6.26543976916277e-07,"Ms4a8a"
"ENSMUSG00000024737",1456.69330795933,0.480377544612398,0.157131058564187,3.05717754975962,0.00223431888396868,0.0199880354842767,"Slc15a3"
"ENSMUSG00000024776",508.880379989981,0.632641239019832,0.223760310599903,2.82731659302634,0.00469398954272913,0.0349992166865008,"Stambpl1"
"ENSMUSG00000024791",50.5551106904815,1.89357644945573,0.579743175454071,3.26623327298786,0.00108988427479593,0.0116381134150594,"Cdca5"
"ENSMUSG00000024810",4758.91898421842,0.63533343863009,0.237337433346669,2.6769204910971,0.00743022650166302,0.0497716522130521,"Il33"
"ENSMUSG00000024883",356.770306049587,0.84631740798129,0.256890200407162,3.29447136029287,0.000986069924899619,0.0107493300887821,"Rin1"
"ENSMUSG00000024921",10681.2941572867,-0.633928044226026,0.207156907097769,-3.06013472158493,0.00221237449147114,0.019871327446019,"Smarca2"
"ENSMUSG00000024948",3893.9841731991,-0.82114999622475,0.1625960107508,-5.050246881415,4.41239427126062e-07,2.07440588568608e-05,"Map4k2"
"ENSMUSG00000024978",4647.75013705556,-0.625983886118861,0.133738145264983,-4.68066821831995,2.8594137506414e-06,9.61495321457241e-05,"Gpam"
"ENSMUSG00000024981",10193.2392848112,0.387146164061405,0.136705528059973,2.83197153440323,0.00462619668772824,0.0345803363289812,"Acsl5"
"ENSMUSG00000025075",54.195108081653,4.053274398873,0.909139543249233,4.45836332713758,8.25878295033753e-06,0.000225601158115872,"Habp2"
"ENSMUSG00000025078",4175.19374956074,-0.707054648796592,0.148471455112832,-4.76222616838542,1.9146891571111e-06,6.82752929975845e-05,"Nhlrc2"
"ENSMUSG00000025092",883.558930122134,-0.541610356880986,0.178634779354145,-3.0319423733675,0.00242985587176811,0.0212474720576915,"Hspa12a"
"ENSMUSG00000025348",1381.13662280879,1.52466384314038,0.193845531972838,7.86535458219393,3.68053429017236e-15,8.53931754466614e-13,"Itga7"
"ENSMUSG00000025402",980.149914712747,0.92025799562057,0.169062049981514,5.44331501789546,5.22980397390605e-08,3.12476414695089e-06,"Nab2"
"ENSMUSG00000025473",827.058052216012,-0.652023128894283,0.221795979383154,-2.9397427794122,0.00328484815613994,0.0266865904090223,"Adam8"
"ENSMUSG00000025477",2964.4165302654,-0.529301250151444,0.166522367457851,-3.17855948261976,0.00148008845627387,0.0146158584121888,"Inpp5a"
"ENSMUSG00000025534",2842.66981225749,0.41197946948963,0.15134450313372,2.72213037777545,0.00648625471198643,0.04503573277483,"Gusb"
"ENSMUSG00000025582",1071.87082866885,-0.886337739414149,0.242146517496343,-3.66033651269643,0.000251884226544027,0.00371893529521408,"Nptx1"
"ENSMUSG00000025584",1312.94721282647,-0.485533014708661,0.15542583669409,-3.12388869853273,0.00178477955386422,0.0169078979695419,"Pde8a"
"ENSMUSG00000025743",5276.10576470345,-0.463647520612005,0.149055986399808,-3.11055954081829,0.00186733245339647,0.0174585619020007,"Sdc3"
"ENSMUSG00000025785",1791.19265559713,0.791651265114219,0.184191485004978,4.29797970895791,1.72361937462798e-05,0.00041611432605039,"Exosc7"
"ENSMUSG00000025791",2053.18353557102,0.832707441629618,0.189267794261075,4.39962564619413,1.08437778215409e-05,0.000282965322453577,"Pgm1"
"ENSMUSG00000025900",543.693713976701,-1.01088653354747,0.334789172382325,-3.01947200488625,0.00253215693613377,0.0218985623301077,"Rp1"
"ENSMUSG00000026028",4956.11762134116,-0.566879334920246,0.183177065966726,-3.09470692702994,0.00197007457270552,0.0181326029064318,"Trak2"
"ENSMUSG00000026222",3277.61530529525,-0.511576818551488,0.16035090721295,-3.19035811797498,0.00142096593654041,0.0141660471296286,"Sp100"
"ENSMUSG00000026249",3512.97909707439,0.864808452345576,0.16338555319338,5.29305336636467,1.20290798168297e-07,6.49243235431003e-06,"Serpine2"
"ENSMUSG00000026303",2483.26107489687,1.07679548517451,0.20929841669483,5.14478562322113,2.67826477005054e-07,1.31810468641743e-05,"Mlph"
"ENSMUSG00000026355",620.204519487526,0.546955983848268,0.197226883892937,2.77323239637644,0.00555024683336047,0.0398535249833927,"Mcm6"
"ENSMUSG00000026365",5025.77589094888,-0.700299381258408,0.185201560021267,-3.78128230225486,0.00015602262493236,0.00254784661281226,"Cfh"
"ENSMUSG00000026463",2161.96908464775,-0.779234661765563,0.21233316908258,-3.66986780790007,0.000242675931793849,0.00361283793458093,"Atp2b4"
"ENSMUSG00000026509",8596.56964599977,-0.414372670321956,0.151132418420131,-2.74178547960536,0.006110623500032,0.0429619397198236,"Capn2"
"ENSMUSG00000026532",148.838429533876,-1.26903546813235,0.374309401182678,-3.39033821785578,0.000698064430049367,0.00825342226527594,"Spta1"
"ENSMUSG00000026579",420.160045191165,-1.56520153203632,0.293447386659701,-5.33384041975273,9.61570363449244e-08,5.2694645837487e-06,"F5"
"ENSMUSG00000026604",3489.46489050498,-0.793375194098861,0.16508480450483,-4.80586445541479,1.54084268238542e-06,5.77089193308502e-05,"Ptpn14"
"ENSMUSG00000026605",186.938528984195,1.56180635011671,0.342245982383051,4.56340302153991,5.03310642299222e-06,0.000150110928625636,"Cenpf"
"ENSMUSG00000026639",5795.62106148374,0.78323006860431,0.231539275047926,3.38270934139441,0.000717745519314758,0.00844698531130313,"Lamb3"
"ENSMUSG00000026683",83.9379331789156,1.58952350116455,0.428072745128532,3.71320883950994,0.000204647877129316,0.00317088839975302,"Nuf2"
"ENSMUSG00000026712",5546.71198082543,0.696396311630722,0.182292253087827,3.82021890582044,0.000133333283683883,0.00223511242048894,"Mrc1"
"ENSMUSG00000026840",423.177319486781,-1.04872425110513,0.238458848363096,-4.3979255049838,1.09290475446523e-05,0.000284617251290399,"Lamc3"
"ENSMUSG00000026923",4615.93001861713,-0.694698640892515,0.1523778337456,-4.55905313664149,5.13847699657952e-06,0.000152689014584273,"Notch1"
"ENSMUSG00000026958",827.698096873238,0.679130426792434,0.224634000092452,3.02327531234331,0.00250054639943868,0.0217066382050399,"Dpp7"
"ENSMUSG00000027009",2111.0378365729,-0.471950388932111,0.137318951070178,-3.43689188749277,0.00058843042782828,0.00727638132617363,"Itga4"
"ENSMUSG00000027022",462.075170295081,3.21843138588155,1.07722020153114,2.98771911379578,0.00281067739332498,0.0237749770983668,"Xirp2"
"ENSMUSG00000027074",9346.66628854238,-0.718190687591242,0.214521145294546,-3.3478783017177,0.000814327622759104,0.00927803761517308,"Slc43a3"
"ENSMUSG00000027200",2186.50126892138,-0.885965308531164,0.171016435171506,-5.18058575857148,2.21190206100187e-07,1.1068804011148e-05,"Sema6d"
"ENSMUSG00000027238",169.217082954937,-0.958257789137412,0.346798651217451,-2.76315316040996,0.00572458971832804,0.0407611778867797,"Frmd5"
"ENSMUSG00000027257",1126.59408192541,0.488179024385511,0.171851768251895,2.84069829104087,0.00450148779119547,0.033889203282641,"Pacsin3"
"ENSMUSG00000027322",1879.33101969594,1.14494110636671,0.187164551610992,6.11729676646455,9.51760240222964e-10,8.37595896137106e-08,"Siglec1"
"ENSMUSG00000027333",906.321832317015,0.633006565399954,0.193085844477807,3.27836857803789,0.00104408969233856,0.0112636849961524,"Smox"
"ENSMUSG00000027379",177.1581289563,0.981716175793102,0.320949269080727,3.05878925540153,0.00222233423464175,0.019910732749185,"Bub1"
"ENSMUSG00000027463",959.175304062827,-0.453229341050925,0.163462887967412,-2.77267425460684,0.00555977437437871,0.0399057329040883,"Slc52a3"
"ENSMUSG00000027469",315.817407287532,1.39433942911343,0.317616223502458,4.39001324849718,1.13343755088834e-05,0.000293037074480757,"Tpx2"
"ENSMUSG00000027470",65.1231653608524,4.28108140388075,1.00949657469577,4.24080825154947,2.22716341234288e-05,0.000517022070881265,"Mylk2"
"ENSMUSG00000027474",1108.12481561723,-0.902037356202435,0.214665028301784,-4.2020694443732,2.64485965442582e-05,0.000599624590435499,"Ccm2l"
"ENSMUSG00000027506",2944.1345558108,0.475650894903636,0.139104801655747,3.41937078549427,0.000627661347592175,0.00762396074092654,"Tpd52"
"ENSMUSG00000027580",3673.64143540177,-0.509765929547674,0.172218309234547,-2.95999845668798,0.00307640583471406,0.0254916466777211,"Helz2"
"ENSMUSG00000027654",61.6809920370542,1.53836083310238,0.479378009418207,3.20907676797566,0.00133161932755969,0.0134936921649767,"Fam83d"
"ENSMUSG00000027858",5298.41542407472,-0.550639025351158,0.185401451104395,-2.96998228477244,0.00297816922757462,0.0248157617773417,"Tspan2"
"ENSMUSG00000027867",413.754791422986,-1.12138770062521,0.304150810882517,-3.68694627961509,0.00022696124527115,0.00344423852320972,"Spag17"
"ENSMUSG00000027878",4615.86935561605,-0.492569154940975,0.145675797130981,-3.38126967308162,0.00072151693733313,0.00847462201542168,"Notch2"
"ENSMUSG00000027931",3977.87397737348,-0.465051635686886,0.131878196926833,-3.5263724142733,0.000421294098276158,0.00559585060647105,"Npr1"
"ENSMUSG00000027932",404.57907674681,-0.801780100325297,0.28635484233442,-2.79995300162914,0.00511100473647105,0.0375908191095328,"Slc27a3"
"ENSMUSG00000028004",18.521462490674,7.60540640221862,1.68526316084924,4.51288948747096,6.39503482718331e-06,0.000183677326668215,"Npy2r"
"ENSMUSG00000028064",2343.48253876672,0.723412032712576,0.161495637190495,4.47945248117918,7.4834747041236e-06,0.000209549021299636,"Sema4a"
"ENSMUSG00000028179",249.848512753916,0.969156465187201,0.33394098101381,2.90217888875137,0.00370576859093725,0.0292936087951743,"Cth"
"ENSMUSG00000028327",396.686822599534,2.93647651722713,0.409059269645689,7.17860890860777,7.0424279909077e-13,1.17582220614548e-10,"Stra6l"
"ENSMUSG00000028369",2325.93140938373,-0.854504286617433,0.211157259497699,-4.04676727028059,5.19298251151197e-05,0.00103467156269174,"Svep1"
"ENSMUSG00000028373",773.93075796747,-0.951904931373747,0.273976070248008,-3.47440902598561,0.000511979940785092,0.00651598612596638,"Astn2"
"ENSMUSG00000028402",1522.40680146993,-0.818026974965486,0.284819628797586,-2.87208777856682,0.00407769685457875,0.0314542548821457,"Mpdz"
"ENSMUSG00000028469",3668.71374710703,-0.465410684055725,0.129642137579344,-3.58996459597006,0.000330722877846804,0.00464708384608027,"Npr2"
"ENSMUSG00000028494",6705.94079264752,0.860714697211354,0.162513012396208,5.2962817224317,1.18184458277887e-07,6.39807680949836e-06,"Plin2"
"ENSMUSG00000028524",495.236407958347,-0.98269307400624,0.286030920513305,-3.43561833190174,0.000591203214224812,0.0072940921423524,"Sgip1"
"ENSMUSG00000028673",4429.97617867267,0.501855590051184,0.141933712167998,3.53584488410456,0.000406473287357769,0.005431297889788,"Fuca1"
"ENSMUSG00000028717",502.386734934078,-0.92282297393443,0.245495438854315,-3.75902288955383,0.000170578233283156,0.00274629013364653,"Tal1"
"ENSMUSG00000028803",3597.74405557795,-0.601961242596192,0.184765113668394,-3.25798106928648,0.00112207891434145,0.0118825962090752,"Nipal3"
"ENSMUSG00000028865",82.6836358899838,1.66239272345867,0.477152933940134,3.48398302768738,0.000494010813945589,0.00634928287132226,"Cd164l2"
"ENSMUSG00000028917",1961.7199660793,0.480319318972829,0.171640933178186,2.79839610563171,0.00513570884630155,0.0376727561997349,"Plekhm2"
"ENSMUSG00000028957",1264.9565659606,-1.35761272682913,0.241223964691994,-5.62801763316754,1.82292458173005e-08,1.22892632651348e-06,"Per3"
"ENSMUSG00000028977",3286.34798928266,-0.704001301517737,0.156882167766456,-4.48745266298049,7.20798206020001e-06,0.000203429067149247,"Casz1"
"ENSMUSG00000029093",2609.02042781558,0.735670376469421,0.170831143450143,4.30641838257161,1.6591910802906e-05,0.000402190619394729,"Sorcs2"
"ENSMUSG00000029344",1653.69137888353,-0.603484131817941,0.146822707062372,-4.11029154748914,3.95159869427318e-05,0.000818022139897919,"Tpst2"
"ENSMUSG00000029379",83.8845045616384,1.82111630540798,0.571416285967745,3.18702205402452,0.00143745813749019,0.0142905896640302,"Cxcl3"
"ENSMUSG00000029381",5319.18121903867,-0.403284699479906,0.141190863131713,-2.85630876201735,0.00428598111434939,0.0327078396445331,"Shroom3"
"ENSMUSG00000029661",9480.99330182495,-0.382501537326908,0.126165485638451,-3.03174465973232,0.00243144787131549,0.0212474720576915,"Col1a2"
"ENSMUSG00000029675",7247.19789823325,1.4481846721904,0.123021973400838,11.7717561518204,5.45764014765265e-32,7.50005701829343e-29,"Eln"
"ENSMUSG00000029718",4190.64900369427,-0.537025993781595,0.160330224185599,-3.34949942538552,0.000809577236068735,0.00924159573314247,"Pcolce"
"ENSMUSG00000029816",6068.31022059711,2.17516134733932,0.272498964603024,7.98227380609717,1.43661910039109e-15,3.46827030114688e-13,"Gpnmb"
"ENSMUSG00000029821",171.300782739068,1.0158272558708,0.317652494336563,3.19791997224017,0.00138422688862382,0.0138928164973397,"Gsdme"
"ENSMUSG00000030020",3454.50149944525,-0.845867471196134,0.168714361387665,-5.01360680998894,5.34190917861059e-07,2.44074699426799e-05,"Prickle2"
"ENSMUSG00000030067",5352.67917762511,-0.440521541901225,0.138800603316159,-3.17377252963236,0.0015047156543166,0.0148157832047603,"Foxp1"
"ENSMUSG00000030084",8467.17753999305,-0.616131130247806,0.132450556064491,-4.65178213331023,3.29078651638551e-06,0.000108656082004535,"Plxna1"
"ENSMUSG00000030087",853.25948944943,-0.813203931300483,0.17975678843311,-4.52391221710709,6.07069110094308e-06,0.000175490123816097,"Klf15"
"ENSMUSG00000030105",4454.77722055242,0.458772490170633,0.1401504535259,3.27342850935442,0.00106251264698255,0.0114073247826582,"Arl8b"
"ENSMUSG00000030272",3392.00775618165,0.679118414868407,0.158650403027179,4.28059684633807,1.86392751302006e-05,0.000442806715692864,"Camk1"
"ENSMUSG00000030302",289.980956468818,-1.15927779088798,0.279490752186571,-4.14782164282174,3.35653721640888e-05,0.000722234284988958,"Atp2b2"
"ENSMUSG00000030350",513.79346597046,1.58191535676615,0.221505130598008,7.14166463095177,9.22073494922638e-13,1.44053877874913e-10,"Prmt8"
"ENSMUSG00000030451",4966.58151308193,-0.412574216007241,0.135014837466223,-3.05576945282371,0.00224483794118791,0.0200419939127046,"Herc2"
"ENSMUSG00000030494",1079.09544482548,-0.651663512987251,0.163845598739807,-3.97730252139465,6.97014659093529e-05,0.0013052585833025,"Rhpn2"
"ENSMUSG00000030513",1247.91684404196,1.60902670408126,0.23857325510169,6.74437167483599,1.53690654170047e-11,1.95962093312314e-09,"Pcsk6"
"ENSMUSG00000030730",997.08242343264,5.4140693011746,1.47757336560638,3.66416275983205,0.000248148957828409,0.00367593792007009,"Atp2a1"
"ENSMUSG00000030785",1208.60874354569,1.47454545439895,0.224003497963147,6.58268941247314,4.62013637476401e-11,5.2572443525579e-09,"Cox6a2"
"ENSMUSG00000031176",4172.32096265117,0.432670455056427,0.134206397642862,3.22391825319544,0.0012644949086225,0.0129679687385424,"Dynlt3"
"ENSMUSG00000031441",26003.7622357619,0.70273938076764,0.154387136821203,4.55180007374247,5.31888673182851e-06,0.000156801834099202,"Atp11a"
"ENSMUSG00000031442",2018.98976790418,-0.472640009585443,0.169927320149561,-2.78142448883116,0.00541209194789345,0.0390970572782517,"Mcf2l"
"ENSMUSG00000031486",1594.24087537493,-0.975142530109256,0.175619388956358,-5.55259038255498,2.81467100116374e-08,1.78946965963666e-06,"Adgra2"
"ENSMUSG00000031558",1588.10685417902,-0.61919094276816,0.187005672434417,-3.31108107421346,0.000929362783752927,0.0102614747414994,"Slit2"
"ENSMUSG00000031563",5655.51235666581,-0.648828223679786,0.148187834571414,-4.37841760463209,1.19544119995815e-05,0.000308175426222977,"Wwc2"
"ENSMUSG00000031618",828.316268133876,-0.569266205819505,0.199316089144552,-2.85609760989565,0.00428883259723738,0.0327156252560401,"Nr3c2"
"ENSMUSG00000031824",2912.08329615405,-0.74705379017864,0.154439634622766,-4.83718957250445,1.31687820533156e-06,5.09221409918794e-05,"6430548M08Rik"
"ENSMUSG00000031918",2440.32477030744,-0.384259951265053,0.139503028696338,-2.75449181896607,0.00587833595630817,0.0417006543874327,"Mtmr2"
"ENSMUSG00000031966",109.0145901159,-1.20393995058575,0.39094050197592,-3.07959892746009,0.00207279518817484,0.0188738460941608,"Glb1l3"
"ENSMUSG00000032226",22.2353825128632,5.43645555161884,1.35665369913414,4.00725369715837,6.14288685288321e-05,0.0011762344440167,"Gcnt3"
"ENSMUSG00000032332",2347.24822942583,-0.813063373648415,0.196937336640896,-4.12853848598038,3.65076340120525e-05,0.000770719993381463,"Col12a1"
"ENSMUSG00000032511",425.883236960888,-1.06252601284367,0.218341763791388,-4.86634345346247,1.13681891863599e-06,4.5333191922839e-05,"Scn5a"
"ENSMUSG00000032596",1510.38947556725,-0.401488493061148,0.147383229067904,-2.72411247602784,0.00644745449532333,0.0448709678842817,"Uba7"
"ENSMUSG00000032625",217.679696070534,-1.0754163527651,0.27716713263334,-3.88002842381659,0.000104444258699201,0.0018339287385752,"Thsd7a"
"ENSMUSG00000032735",4561.91016177322,-0.73403052291745,0.220377949184106,-3.33078026016221,0.000866029364820426,0.00968792398404315,"Ablim3"
"ENSMUSG00000032786",10507.2901383165,-0.611892066934295,0.127182485321194,-4.81113468878192,1.50075835646771e-06,5.66829768251492e-05,"Alas1"
"ENSMUSG00000032807",119.659768362025,7.73114542133929,2.60525074394432,2.96752450385425,0.00300208352292388,0.0250033669636528,"Alox12b"
"ENSMUSG00000032942",357.769480900561,0.996057305583978,0.220497500955658,4.51731788916865,6.2627849534224e-06,0.00018016852366005,"Ucp3"
"ENSMUSG00000033060",18612.8832185733,-0.45043773567561,0.127272947640135,-3.53914750956523,0.000401421474128944,0.0053894645342526,"Lmo7"
"ENSMUSG00000033170",1606.00073239407,-0.843248012812921,0.175324255988563,-4.80964831738929,1.51196073225555e-06,5.67686732632875e-05,"Card10"
"ENSMUSG00000033327",2886.35942199235,-1.25195328768837,0.26437758008993,-4.73547449546407,2.18543188196491e-06,7.64045803743702e-05,"Tnxb"
"ENSMUSG00000033577",4410.09171385579,-0.46711888794476,0.134639189520975,-3.46941250617072,0.000521597926660433,0.00659568047722063,"Myo6"
"ENSMUSG00000033705",3443.64810515097,-1.09617277124151,0.223532738106841,-4.90385784438238,9.39725086621072e-07,3.92247398889847e-05,"Stard9"
"ENSMUSG00000033826",565.258842168416,-0.556720050347929,0.204156993593666,-2.72692128027693,0.00639282883336225,0.0446298894521362,"Dnah8"
"ENSMUSG00000033960",12031.801074402,-1.07254902414323,0.14549228066394,-7.37186206201977,1.68261068753417e-13,3.03634746795939e-11,"Jcad"
"ENSMUSG00000034164",279.808280105535,-0.730676972038039,0.272389718650656,-2.68246898472384,0.00730809279721253,0.049286175093319,"Emid1"
"ENSMUSG00000034292",1753.86894610699,-0.657810103631648,0.202046584805333,-3.25573483098184,0.0011309932528156,0.0119416042916966,"Traf3ip1"
"ENSMUSG00000034310",198.609523493722,-1.5592992765473,0.392886903603556,-3.96882477436996,7.22279674641414e-05,0.00134271866675014,"Tmem132d"
"ENSMUSG00000034427",326.771590655121,-0.874799817478318,0.286295220924897,-3.05558651888151,0.00224620785770073,0.0200442074814303,"Myo15b"
"ENSMUSG00000034607",1099.79905086398,0.452020753481103,0.158066581069409,2.85968577559487,0.00424060958052169,0.0324308605119949,"Pof1b"
"ENSMUSG00000034648",57.4950615006858,2.49092105611345,0.534046512967519,4.66423990350997,3.09759843001352e-06,0.000102768320341213,"Lrrn1"
"ENSMUSG00000034738",1553.84322990487,-0.586017805218155,0.202247396400577,-2.89752953881033,0.0037611431785547,0.0296395336942566,"Nostrin"
"ENSMUSG00000034751",2085.45816810343,-0.447141825331819,0.163849671615455,-2.72897602371296,0.00635313228951819,0.0444221950498014,"Mast4"
"ENSMUSG00000034768",32.7440095646711,3.40691239934531,0.906981761426924,3.75631853278431,0.000172431198968149,0.00276772989179333,"Asb16"
"ENSMUSG00000034918",18.7778610681312,5.20189547657558,1.54534591465402,3.36616897695699,0.000762200020831482,0.00884201517672365,"Cdhr2"
"ENSMUSG00000034932",809.785558200396,0.672091283252977,0.19193068470042,3.5017396217912,0.000462231108647488,0.00601877460348934,"Mrpl54"
"ENSMUSG00000034981",1543.07868625444,1.2297017281108,0.151058095037855,8.14058808170881,3.93362542012565e-16,1.09803465828976e-13,"Parm1"
"ENSMUSG00000035258",3522.12150291882,-1.3479154621508,0.257334175718809,-5.23799630727507,1.62329309826692e-07,8.47957052647327e-06,"Abi3bp"
"ENSMUSG00000035275",1977.24412479218,-1.01088427030926,0.219142019843146,-4.61291846736108,3.97054082213937e-06,0.000126441553988449,"Raver2"
"ENSMUSG00000035299",202.526877050712,-1.4535493245695,0.31809848505171,-4.56949464670733,4.8890165349507e-06,0.000146724779250335,"Mid1"
"ENSMUSG00000035407",851.155005294262,-1.39316334549429,0.220202999004226,-6.3267228502531,2.5042254490867e-10,2.47171202474773e-08,"Kank4"
"ENSMUSG00000035448",163.014759478025,-1.73245378990765,0.464741231628412,-3.72778155240774,0.000193172701003552,0.00303083058789659,"Ccr3"
"ENSMUSG00000035498",1408.81675618256,0.535212583253695,0.172352591230558,3.10533528641721,0.00190063444823052,0.017679050035763,"Cdcp1"
"ENSMUSG00000035877",1629.42842515467,-0.429018321128755,0.1539132591543,-2.78740326522915,0.00531323146463177,0.0385857236242466,"Zhx3"
"ENSMUSG00000035914",570.872963960526,1.30314768239355,0.294889180521887,4.41910985030809,9.91082649533105e-06,0.000261918513815221,"Cd276"
"ENSMUSG00000036098",2989.14426588267,-0.431338546000902,0.154348599231872,-2.79457376450122,0.00519681833662396,0.0380029306523893,"Myrf"
"ENSMUSG00000036206",2526.30028951215,-0.444034322483437,0.151178512830541,-2.93715233844881,0.00331241344000438,0.026837308891464,"Sh3bp4"
"ENSMUSG00000036225",574.485591609561,0.907716277303052,0.186808474917866,4.85907439532465,1.17935815036218e-06,4.66863050040649e-05,"Kctd1"
"ENSMUSG00000036661",3120.21400326187,-0.45587583238459,0.12987009477865,-3.51024485784493,0.000447694224574848,0.00589941409163736,"Dennd3"
"ENSMUSG00000036768",154.866577142658,1.00720105502947,0.375327218690166,2.68352787880519,0.00728499010937178,0.049186072677221,"Kif15"
"ENSMUSG00000036862",745.483855929314,-1.071708895692,0.238023315742901,-4.50253746086623,6.71469145883114e-06,0.000192240325179516,"Dchs1"
"ENSMUSG00000037188",119.430637166966,2.19978464577245,0.707205894054302,3.11052928753382,0.00186752375005449,0.0174585619020007,"Grhl3"
"ENSMUSG00000037605",1105.26657099936,-1.30635110549631,0.248429042807263,-5.25844760634452,1.45276563064293e-07,7.65594631015809e-06,"Adgrl3"
"ENSMUSG00000037627",693.523138010811,-0.926675608126567,0.333365744123043,-2.77975654206551,0.00543996655926099,0.0392508087969296,"Rgs22"
"ENSMUSG00000037736",26524.9501866644,-0.79852608639652,0.20404883442238,-3.91340675214824,9.10030519616045e-05,0.00163066150781752,"Limch1"
"ENSMUSG00000037892",898.467455670557,-0.898044448898439,0.2406293806383,-3.73206483146929,0.000189916604324699,0.00299722626878157,"Pcdh18"
"ENSMUSG00000037902",8944.70724439364,0.718200830000118,0.149489222095241,4.80436529091406,1.55243177953385e-06,5.79001957022386e-05,"Sirpa"
"ENSMUSG00000037973",445.664646921527,-1.02392663270392,0.260198556469584,-3.9351741477613,8.31363912656419e-05,0.00151245583499052,"Itprid1"
"ENSMUSG00000038011",1134.68081727906,-0.887885808140018,0.242690474511941,-3.65851115469442,0.000253684701298499,0.00374242542419297,"Dnah10"
"ENSMUSG00000038145",5171.74734429587,-0.562998001755628,0.158292058097813,-3.55670403506748,0.000375536832578154,0.00512526013293256,"Snrk"
"ENSMUSG00000038319",518.485816732476,-0.732576631086961,0.223553254295916,-3.27696697323518,0.00104928642226731,0.0112992778383396,"Kcnh2"
"ENSMUSG00000038379",45.2957476005503,1.85864305734283,0.598295526522901,3.10656352078154,0.00189275639136378,0.0176292938102449,"Ttk"
"ENSMUSG00000038402",776.984263641805,-0.944651595597022,0.2946251378167,-3.20628308431962,0.00134461638166697,0.0136022489572369,"Foxf2"
"ENSMUSG00000038572",174.419999453917,-1.05394582831214,0.303952686553027,-3.46746673064285,0.000525388774125526,0.00662858082609641,"Bpifb5"
"ENSMUSG00000038670",602.13800105132,3.38332532160711,1.15335512476966,2.93346363920895,0.00335202914521595,0.0271178659066037,"Mybpc2"
"ENSMUSG00000038725",1108.9253238699,-0.960396287349593,0.158527092066685,-6.05824704679246,1.37612936158722e-09,1.18765947076114e-07,"Pkhd1l1"
"ENSMUSG00000039081",1911.48105680099,-0.500552115892375,0.142877402356537,-3.50336797587693,0.000459414331556983,0.00599520601407268,"Zfp503"
"ENSMUSG00000039115",5821.71674039051,0.710047461725181,0.152151353156778,4.66671802119,3.06048878842334e-06,0.000101816819748944,"Itga9"
"ENSMUSG00000039137",287.730451952854,0.978069653133825,0.321491292896421,3.04228971280084,0.0023478580148206,0.0207440570894016,"Whrn"
"ENSMUSG00000039166",1580.40958651072,0.649331978834537,0.149191508383336,4.35233872135757,1.34692949916165e-05,0.000342977824484084,"Akap7"
"ENSMUSG00000039391",291.016517565267,-1.29731582740428,0.309783025373795,-4.18782089767151,2.81645635011167e-05,0.000627909246043587,"Ccdc81"
"ENSMUSG00000039428",1678.22746010015,0.629879555847404,0.179541573629685,3.5082657632631,0.000451038228315448,0.00592049812553672,"Tmem135"
"ENSMUSG00000039706",2435.18107360158,-0.714751463448953,0.212641238944586,-3.36130219611453,0.000775758989983241,0.00895279997160891,"Ldb2"
"ENSMUSG00000039831",8276.78008659385,-0.541553423650764,0.16718794019128,-3.23918951947833,0.00119869894694158,0.0124504399343671,"Arhgap29"
"ENSMUSG00000040204",128.827048869039,1.27527314518858,0.367732685186792,3.46793525993155,0.000524473624528019,0.0066217111676276,"Pclaf"
"ENSMUSG00000040249",16419.062044879,-0.44512517208687,0.140031894498658,-3.17874134089599,0.00147916022362505,0.0146157065238173,"Lrp1"
"ENSMUSG00000040488",17472.0057027794,-0.98384207995675,0.228141287123636,-4.31242451710891,1.61474017730668e-05,0.000394089252289398,"Ltbp4"
"ENSMUSG00000040525",480.606690669983,0.841934557112628,0.207522901094269,4.05706817258772,4.96925806155244e-05,0.000998602871424458,"Cblc"
"ENSMUSG00000040693",3087.3646393044,1.15883137816056,0.186580056468211,6.21090699668639,5.26796466882629e-10,4.85114375301967e-08,"Slco4c1"
"ENSMUSG00000040809",49198.3044178963,2.33500082429557,0.259560591343468,8.99597589992287,2.34142668777485e-19,9.72781111095295e-17,"Chil3"
"ENSMUSG00000040907",448.866127124226,-0.992044018137923,0.292833517308667,-3.3877406768715,0.000704708587625471,0.00830997948378154,"Atp1a3"
"ENSMUSG00000041112",2101.99153110576,-0.57265073804148,0.15003926144327,-3.81667259977816,0.000135263464275671,0.00225839419559332,"Elmo1"
"ENSMUSG00000041115",1894.23502680825,-0.490424434193816,0.182183830049178,-2.69192075971525,0.00710418223119719,0.0482204466414658,"Iqsec2"
"ENSMUSG00000041144",202.250519027235,-1.29074041179642,0.408022735639368,-3.16340316128177,0.001559362203471,0.0152229539699505,"Dnah7b"
"ENSMUSG00000041187",2489.22867224516,-0.501187969189017,0.168578637540295,-2.9730218282801,0.00294883479360933,0.0246172586859022,"Prkd2"
"ENSMUSG00000041420",408.073554784213,0.839234812775726,0.231419219325226,3.6264698118971,0.000287322392188289,0.00413286194560691,"Meis3"
"ENSMUSG00000041605",231.96016761762,2.15935799419175,0.369269000755218,5.84765574628656,4.98548975175383e-09,3.82256542554001e-07,"Inava"
"ENSMUSG00000041638",3141.4775133362,-0.455654625304892,0.132324656636409,-3.44345972162167,0.000574322135478155,0.00715998949777895,"Gcn1"
"ENSMUSG00000042190",4159.43608807729,-0.892084280521925,0.23452142640193,-3.80384979832523,0.000142464582216966,0.00236536223169712,"Cmklr1"
"ENSMUSG00000042268",5071.3477027074,1.7874555035074,0.208230818756416,8.58401035054438,9.16217234781886e-18,3.147734788342e-15,"Slc26a9"
"ENSMUSG00000042284",7489.21099980734,-0.837960165412698,0.211223954768731,-3.96716445504573,7.27328067918141e-05,0.00134649906045156,"Itga1"
"ENSMUSG00000042286",3408.91667476375,-1.20948250326165,0.186295898125695,-6.49226588148281,8.45548582189579e-11,9.05223738287497e-09,"Stab1"
"ENSMUSG00000042429",739.673066470055,2.1143727765226,0.244852390861055,8.63529561254084,5.85753639531997e-18,2.05186054318414e-15,"Adora1"
"ENSMUSG00000042489",112.857395631629,1.44689946925229,0.378859716829322,3.81909029907268,0.000133944727572681,0.00224224473628536,"Clspn"
"ENSMUSG00000042498",79.1827446879384,1.56595761980116,0.442730833911395,3.5370421480844,0.000404635086719586,0.00542236354386981,"Radx"
"ENSMUSG00000042523",1188.39937356903,-0.624287423875945,0.22256628283617,-2.80495057885961,0.00503242952441275,0.0371505592783611,"Dnal1"
"ENSMUSG00000042961",2181.03343578306,-0.847629606689272,0.189818841286176,-4.46546613047418,7.98946114389515e-06,0.000221289493543701,"Egflam"
"ENSMUSG00000043110",1229.56789992476,-1.13351466558793,0.174621887895588,-6.49125192293016,8.5125993860789e-11,9.05223738287497e-09,"Lrrn4"
"ENSMUSG00000043279",5432.4486684384,-0.408585628965092,0.147444707271257,-2.77111085590484,0.00558654037757016,0.0400817445161811,"Trim56"
"ENSMUSG00000043505",527.073072273556,-0.743653800475121,0.237863956927377,-3.1263828706178,0.00176970985233029,0.0168138618155847,"Gimap5"
"ENSMUSG00000043668",301.924611729826,-1.05114143589222,0.31505317590849,-3.33639371468369,0.000848728743561053,0.00955421487316838,"Tox3"
"ENSMUSG00000043760",130.095416468288,1.52448473154888,0.464040700164929,3.28523927105327,0.00101895800180571,0.0110392266235652,"Pkhd1"
"ENSMUSG00000043953",1145.98851489416,-1.01563092421698,0.268999881898013,-3.77558130156369,0.000159634944783957,0.00259970673524648,"Ccrl2"
"ENSMUSG00000044313",45.6881460316285,2.86763048043718,0.652840136268424,4.39254623165221,1.12030796900986e-05,0.000290483336231657,"Mab21l3"
"ENSMUSG00000044534",1298.65647179306,-0.872234688433596,0.219538237012008,-3.97304223767583,7.09604601185652e-05,0.00132560271716784,"Ackr2"
"ENSMUSG00000044948",1294.96820344836,-0.685914701512366,0.253690937247702,-2.70374144600461,0.00685636160069073,0.0469846183338473,"Cfap43"
"ENSMUSG00000045045",618.818184363415,0.93637297124847,0.237747383494516,3.93852061581183,8.1985550800885e-05,0.00149608974980369,"Lrfn4"
"ENSMUSG00000045092",6912.37642733928,-1.06262537768141,0.23655164777341,-4.49214954824277,7.0507882646973e-06,0.000199623347620947,"S1pr1"
"ENSMUSG00000045362",324.515824828131,1.031786004333,0.275951791088421,3.73900818060789,0.000184747715711614,0.00293640386226689,"Tnfrsf26"
"ENSMUSG00000045498",104.02913827497,-1.13021244606815,0.382952320769691,-2.95131374004094,0.00316425326168279,0.02601444294522,"Pcdhb3"
"ENSMUSG00000045545",131.014966908031,3.46520973221567,0.629163833108798,5.50764292202481,3.63670128754746e-08,2.26375151575036e-06,"Krt14"
"ENSMUSG00000045930",12107.3007333093,-1.13534346843151,0.211603235647323,-5.36543529194316,8.07542277388426e-08,4.56542493213425e-06,"Clec14a"
"ENSMUSG00000046159",125.269243785589,-1.32487046466264,0.396931298156702,-3.33778281232841,0.000844497313287904,0.00953060297023904,"Chrm3"
"ENSMUSG00000046546",1226.93267292334,-0.68395745965981,0.192074352165452,-3.56089947433821,0.000369586568721352,0.00506339267653908,"Fam43a"
"ENSMUSG00000046743",820.715732617984,-1.1876381706372,0.246615265554357,-4.8157528609089,1.46645931520237e-06,5.5504863699344e-05,"Fat4"
"ENSMUSG00000047021",1861.96444190094,-0.908345765685746,0.284007429740306,-3.19831691204814,0.00138232278268503,0.0138893118743915,"Cfap65"
"ENSMUSG00000047146",182.084952802133,-1.12963922546676,0.307002438310762,-3.67957737300863,0.000233620801535154,0.00351020657647226,"Tet1"
"ENSMUSG00000047821",2716.02310205507,-0.669777540661508,0.161085756218037,-4.15789425698778,3.21194630033182e-05,0.000695532371580945,"Trim16"
"ENSMUSG00000048327",174.72829218691,1.17420247095216,0.321246893771833,3.65514031020059,0.000257041359411471,0.00377945998838348,"Ckap2l"
"ENSMUSG00000048960",6945.31482475763,-0.760346408431172,0.243449114717479,-3.12322519354218,0.00178880824356055,0.0169240610824609,"Prex2"
"ENSMUSG00000048965",279.75503923731,0.736580072615601,0.259668308413503,2.83661905881348,0.0045593975591762,0.0342242173927238,"Mrgpre"
"ENSMUSG00000049091",1218.88071381631,0.650232073352042,0.197439063804089,3.29333041204673,0.000990080491981088,0.0107852365788062,"Sephs2"
"ENSMUSG00000049382",8175.42096743028,0.635983948710114,0.184152900430122,3.45356465863236,0.000553229663002859,0.00692118202349165,"Krt8"
"ENSMUSG00000049571",811.240669838461,-0.955933487075006,0.317785848292512,-3.00810590594676,0.00262881509788602,0.0225354038981448,"Cfap46"
"ENSMUSG00000049690",5332.1290877332,-0.473927173733679,0.152955470827664,-3.09846500533254,0.00194525942169182,0.0179864657908255,"Nckap5"
"ENSMUSG00000050234",1734.32845279864,-0.887309161775485,0.216232106862489,-4.10350328936008,4.06940664323893e-05,0.000839491335813666,"Gja4"
"ENSMUSG00000051339",3140.69369703294,-0.621519671376872,0.167916466717776,-3.70136225187185,0.000214445063606888,0.00329979419581141,"2900026A02Rik"
"ENSMUSG00000051427",1466.8261731738,-0.512345016809256,0.186159683532209,-2.75218031685476,0.00591999144818995,0.0419019996917248,"Ccdc157"
"ENSMUSG00000052062",1461.62828408086,-0.597215473592611,0.175265489833655,-3.40749039733623,0.000655632154388963,0.00788214565152007,"Pard3b"
"ENSMUSG00000052566",841.888837127307,0.79679168243567,0.244206635539577,3.26277654444218,0.00110326473192943,0.0117111256303739,"Hook2"
"ENSMUSG00000052854",17.1961626074781,7.49772047014892,1.7033533377114,4.40174114445493,1.07385628267503e-05,0.000280884955929566,"Nrk"
"ENSMUSG00000052861",2367.93883207585,-1.07194449220193,0.290170001680579,-3.69419473409912,0.000220584712526974,0.00337104011060256,"Dnah6"
"ENSMUSG00000052920",776.385995179205,-1.09543566449073,0.298856115008527,-3.66542830973853,0.00024692497722583,0.00366692827775516,"Prkg1"
"ENSMUSG00000052921",4667.71142085339,-0.88357342886322,0.217980773475095,-4.05344661722733,5.04685204369664e-05,0.00101159170559474,"Arhgef15"
"ENSMUSG00000052957",765.453927305537,-0.91398369185624,0.2134698591692,-4.28155850860332,1.85588911530499e-05,0.000441484141743325,"Gas1"
"ENSMUSG00000053617",5627.99506159557,-0.565959205788191,0.173252926699453,-3.26666461900512,0.00108822517534422,0.0116274777257921,"Sh3pxd2a"
"ENSMUSG00000053819",3370.30152006856,0.453658833230751,0.136067128236317,3.3340810459588,0.000855817175427951,0.00960978871088645,"Camk2d"
"ENSMUSG00000053965",5266.98950813565,-1.04017770084792,0.235125841167081,-4.42391910512621,9.69263260076822e-06,0.000257294028845058,"Pde5a"
"ENSMUSG00000054008",20227.3798661536,-0.556406369944443,0.115353574728095,-4.82348614905061,1.41070567772468e-06,5.37361555065062e-05,"Ndst1"
"ENSMUSG00000054150",341.854003744811,-0.754931641457033,0.244772247513802,-3.08422073631719,0.0020408611157741,0.0186496080988769,"Syne3"
"ENSMUSG00000054986",47816.7778733935,-0.874401979222298,0.178453022126549,-4.8999000902446,9.58854024435854e-07,3.99299001085001e-05,"Sec14l3"
"ENSMUSG00000055320",7184.4205700928,-0.717242985291287,0.175907036800123,-4.07739791618607,4.55425145437268e-05,0.000925616635180522,"Tead1"
"ENSMUSG00000055322",50867.9154125309,-0.826457631853776,0.151323139206068,-5.46154167954664,4.72017394838424e-08,2.84884822932042e-06,"Tns1"
"ENSMUSG00000055333",429.325116983038,1.13718288764171,0.26668739059441,4.26410444493487,2.00705551797374e-05,0.000473034918583125,"Fat2"
"ENSMUSG00000055368",596.725625777976,-0.988440819959796,0.245532680825095,-4.02569962026322,5.68061662420496e-05,0.00110549254892616,"Slc6a2"
"ENSMUSG00000055561",142.652326623826,6.96372042832127,2.45612443939156,2.8352473989658,0.00457902105104368,0.0343138469282279,"Spink5"
"ENSMUSG00000055717",345.858208189748,0.767473643187151,0.237290414893984,3.23432214288993,0.00121931838507117,0.0126152922150221,"Slain1"
"ENSMUSG00000055775",3540.53417901187,6.68722346219804,1.90569405981508,3.50907504158718,0.000449668013054624,0.00591555158558237,"Myh8"
"ENSMUSG00000056271",61.063888565486,5.91529492532071,1.98453907830429,2.98068956665499,0.00287600173388999,0.0241568081164424,"Lman1l"
"ENSMUSG00000056427",2667.63879297785,-0.758465080689146,0.229554964148949,-3.30406743108813,0.000952929086720487,0.0104634776485934,"Slit3"
"ENSMUSG00000056632",118.166235554819,10.2790924492974,2.79613441925881,3.67617964948272,0.000236752828653018,0.00354236958449428,"Dsg3"
"ENSMUSG00000056752",1412.66194639672,-1.07838336805788,0.257989569314022,-4.17994948759066,2.91573854878224e-05,0.000640216877448929,"Dnah9"
"ENSMUSG00000057182",850.590793338687,-0.954056438628802,0.313048939837735,-3.04762711901636,0.0023065594530628,0.0204398237246859,"Scn3a"
"ENSMUSG00000057421",2565.9615586806,0.6159839893865,0.185163131359778,3.3267097227343,0.000878778638627235,0.00977545478149163,"Las1l"
"ENSMUSG00000057606",612.919535513874,-0.896815641129058,0.276227101677515,-3.24666057632555,0.00116767556756551,0.0122349114454884,"Colq"
"ENSMUSG00000057609",62.5392182596474,9.36113720221355,3.43802053573546,2.72282759946081,0.00647258248877076,0.044976771463795,"Lce1a1"
"ENSMUSG00000058248",161.331458120656,-1.15640321245806,0.347772107853876,-3.32517526950134,0.000883629674612217,0.00982330064526898,"Kcnh1"
"ENSMUSG00000059070",10835.1966265264,0.519793774095582,0.159600884179479,3.25683517837563,0.0011266183061131,0.0119094887803021,"Rpl18"
"ENSMUSG00000059552",1259.0597420409,-0.522767765764125,0.161284630811699,-3.24127452896897,0.00118996526298784,0.012417482139765,"Trp53"
"ENSMUSG00000059898",94.4910556086987,4.55478714160772,0.579979170556953,7.85336331515797,4.05026177084386e-15,9.15923120710449e-13,"Dsc3"
"ENSMUSG00000059956",311.650311809405,6.58492437272095,1.56839679532687,4.19850664853505,2.68680966404703e-05,0.000606824963946905,"Serpinb12"
"ENSMUSG00000060180",243.075089669347,3.01711914476607,0.381138778804736,7.91606446929347,2.45146537706195e-15,5.76255644226471e-13,"Myh13"
"ENSMUSG00000060924",76.6015787257948,1.70104188482667,0.501047599277637,3.3949706320898,0.000686359624769606,0.00813657245952822,"Csmd1"
"ENSMUSG00000061315",7984.75333362993,0.525491779888944,0.140735319818446,3.73390120239076,0.0001885364767501,0.00298599659320969,"Naca"
"ENSMUSG00000061928",51.8425326529106,9.09075887220121,2.80432466122102,3.24169273191181,0.00118822058940902,0.012417482139765,"Dsg1b"
"ENSMUSG00000062329",793.510253287734,-1.33324371484456,0.330765756159693,-4.03077915417843,5.55922599210838e-05,0.00108898653891465,"Cytl1"
"ENSMUSG00000063049",522.338067571457,0.604058045543702,0.215838606041897,2.79865616546118,0.00513157484358324,0.0376727561997349,"Ing2"
"ENSMUSG00000063564",3732.60029762745,-0.768437236520611,0.196098380206735,-3.9186312284196,8.9053241007605e-05,0.00160376628084765,"Col23a1"
"ENSMUSG00000063651",280.891736026524,11.5280869316185,3.36204658302618,3.42888970956555,0.00060605575355118,0.00744136497401501,"Cnfn"
"ENSMUSG00000064262",1696.98000848557,-0.644419506137826,0.178903737816538,-3.6020460723893,0.000315722390188537,0.00446939817806515,"Gimap8"
"ENSMUSG00000064267",697.547418329992,0.753683658192095,0.223769816782657,3.36812028104815,0.000756825701103106,0.0087948401644948,"Hvcn1"
"ENSMUSG00000066113",703.554426297854,-0.923497107760958,0.19277421318755,-4.79056349130311,1.66313585291877e-06,6.0885086090971e-05,"Adamtsl1"
"ENSMUSG00000066129",826.965599015633,-0.987997642600315,0.306541517731095,-3.22304675044706,0.00126834851042218,0.0129925723272318,"Kndc1"
"ENSMUSG00000066607",406.083448661952,0.652343206008083,0.227105243953672,2.87242687421677,0.00407332337109075,0.0314340915872727,"Insyn1"
"ENSMUSG00000066687",818.678529440186,-2.12008767953868,0.200989823929498,-10.5482339259243,5.17608576443035e-26,3.69883088726193e-23,"Zbtb16"
"ENSMUSG00000066842",3221.2764001407,-1.18464074180564,0.230197380220054,-5.14619558516783,2.65822272447745e-07,1.31185494399972e-05,"Hmcn1"
"ENSMUSG00000067148",1102.49588105681,0.61841948686106,0.188237438211217,3.28531610256588,0.00101868015940042,0.0110392266235652,"Polr1c"
"ENSMUSG00000068323",2114.49312255356,-0.842285111225047,0.202347359399313,-4.16257031337325,3.14685195148744e-05,0.000683923480697361,"Slc4a5"
"ENSMUSG00000069170",91.1010380949321,-1.28383343946842,0.479144504132687,-2.67942849890832,0.00737479517104342,0.049474545899621,"Adgrv1"
"ENSMUSG00000069441",63.3196277516766,5.91815578387173,1.04282619001253,5.67511234427344,1.38597666483201e-08,9.74821776268654e-07,"Dsg1a"
"ENSMUSG00000069833",56748.6838383827,-0.822001212875198,0.206948058662909,-3.97201702778052,7.12666242632647e-05,0.00132899607772779,"Ahnak"
"ENSMUSG00000070473",5655.56889965489,0.87313305912684,0.144156611991486,6.05683670741657,1.38824383652664e-09,1.19235462209368e-07,"Cldn3"
"ENSMUSG00000071550",1392.53434778673,-0.994404654875758,0.29008519399358,-3.42797452426257,0.000608102522023026,0.00745113275441794,"Cfap44"
"ENSMUSG00000071714",1485.64755581638,1.06520635724297,0.213159986598016,4.99721535098315,5.81641027594579e-07,2.59127604937086e-05,"Csf2rb2"
"ENSMUSG00000072720",332.20715682763,1.34170469866435,0.446557378315363,3.00455162945896,0.00265972613630426,0.0227023446846993,"Myo18b"
"ENSMUSG00000073421",16476.7455805083,0.508816174196326,0.12322372390079,4.12920627691779,3.64017710115633e-05,0.000770518529764904,"H2-Ab1"
"ENSMUSG00000073601",17.3779726837943,7.51858969874853,1.82709880080026,4.1150427636729,3.87107639638761e-05,0.00080414860257517,"Serpinb3c"
"ENSMUSG00000074433",14.6562173192903,7.27248696618188,2.11496797937849,3.43858017572398,0.000584773344831259,0.00724980971923,"Lce3e"
"ENSMUSG00000074749",1742.90187201617,0.456655659424316,0.150530292207566,3.03364626964674,0.00241617550424842,0.0211904641057428,"Kiz"
"ENSMUSG00000075225",807.355905231324,-1.00543707707945,0.326951329835543,-3.07518882882411,0.00210369318349735,0.0191064965547433,"Ccdc162"
"ENSMUSG00000075324",202.070988170773,-0.987579180304477,0.31537010299312,-3.13149271580135,0.00173920100433759,0.0165976634308179,"Fign"
"ENSMUSG00000078812",9372.1768616996,0.466201859653417,0.131811869031681,3.53687314411243,0.000404894092780427,0.00542236354386981,"Eif5a"
"ENSMUSG00000078945",621.938249820021,1.00328199263109,0.190030441972811,5.2795856401504,1.29476352421306e-07,6.90476130151235e-06,"Naip2"
"ENSMUSG00000090877",242.582816814228,1.36100484116025,0.404065743354979,3.36827574112013,0.000756399046863186,0.0087948401644948,"Hspa1b"
"ENSMUSG00000090958",1766.56109166066,-0.813931129260439,0.182846281940905,-4.45145025986088,8.5292290704761e-06,0.000231572457969689,"Lrrc32"
"ENSMUSG00000096054",7213.80059401013,-0.777864264740164,0.163427412382063,-4.75969271863437,1.93887916135944e-06,6.88068468732057e-05,"Syne1"
"ENSMUSG00000096141",244.427225662925,-1.0478994228784,0.294122624976925,-3.56279773771436,0.000366923384745076,0.00504191145552484,"Dnah7a"
"ENSMUSG00000101337",138.841003271062,-1.21917249752767,0.361118323554085,-3.3761025625305,0.000735205069832359,0.00860710260324711,"Dnah7c"
